book_id,genre_id
25,12
56,96
60,73
74,216
93,245
131,144
161,150
211,91
317,68
434,121
456,9
480,106
523,97
573,202
590,271
667,290
693,97
715,133
728,3
786,248
798,12
894,132
927,290
975,107
978,278
41,143
52,93
52,182
54,182
58,203
79,42
123,150
180,182
212,242
243,34
249,253
258,132
307,19
337,97
375,150
410,242
421,12
431,187
487,23
531,74
591,25
623,187
664,114
664,214
681,150
690,42
758,145
818,290
846,118
847,107
851,242
864,271
877,172
891,268
897,73
918,68
994,68
7,216
27,214
36,273
38,91
163,203
171,68
176,21
180,42
199,3
201,48
257,182
281,132
295,216
332,182
359,242
371,188
400,166
413,74
468,93
473,83
503,245
511,12
533,210
553,110
601,133
628,77
677,42
705,97
735,106
738,23
785,34
802,132
842,154
863,182
865,22
876,42
888,182
895,118
914,34
928,133
959,194
77,182
156,97
162,182
163,218
204,91
250,246
261,245
263,97
277,132
300,182
343,215
366,97
422,214
490,166
490,242
544,202
546,132
568,150
603,144
607,253
617,93
617,182
654,166
784,157
799,274
837,34
846,246
847,245
854,162
863,93
892,12
894,214
898,68
935,223
937,188
962,102
8,25
39,3
55,224
86,144
89,203
115,182
118,0
184,202
200,182
202,97
208,290
210,21
210,34
212,21
214,242
242,42
254,253
287,102
299,182
313,144
321,182
349,188
368,68
370,12
373,48
421,180
441,242
523,21
532,182
538,97
573,275
618,248
656,188
678,182
684,68
688,77
704,125
763,166
766,174
806,250
811,172
823,235
883,202
890,245
908,118
914,12
926,125
927,68
950,214
43,214
46,176
73,93
100,83
121,35
207,144
267,6
271,267
281,214
338,76
363,42
364,12
388,187
389,125
400,188
423,152
429,224
442,216
451,277
454,291
477,273
479,42
518,59
580,62
592,42
603,184
622,215
655,195
685,96
724,144
733,216
782,21
787,290
798,154
854,242
854,68
903,144
918,242
931,108
948,144
971,247
996,182
47,247
94,125
103,144
145,42
313,195
353,143
359,77
368,205
374,39
395,274
398,35
401,182
427,143
438,42
482,182
501,182
538,144
552,134
578,182
674,62
708,93
729,59
754,12
773,93
793,68
857,248
897,42
923,251
931,29
954,246
977,182
11,182
46,154
47,12
50,121
64,42
71,192
95,42
106,182
124,222
164,222
222,25
229,9
274,59
332,188
353,106
354,68
381,235
437,247
468,216
476,96
502,242
559,68
569,138
590,144
649,275
650,78
672,93
716,90
742,68
773,106
830,290
860,132
872,108
992,42
27,83
32,42
129,23
141,137
158,132
251,144
256,182
267,245
275,42
276,182
307,37
322,12
334,166
391,203
406,35
439,107
442,196
507,227
538,68
571,216
581,144
635,68
670,242
685,45
756,181
778,97
784,6
820,12
835,180
839,93
881,215
912,216
915,209
956,242
14,68
27,12
32,245
63,42
71,68
84,42
136,290
159,235
207,222
272,34
280,222
297,182
329,132
341,144
354,242
378,175
487,107
502,144
503,118
518,106
525,12
532,157
536,40
562,45
571,34
616,3
630,134
670,144
687,271
697,68
731,68
827,34
850,182
907,214
920,157
922,12
931,245
948,130
977,144
22,129
22,93
91,245
142,214
167,242
291,96
351,188
366,12
381,182
419,48
425,42
457,118
494,143
497,74
510,42
537,21
554,157
571,150
597,235
620,42
620,203
633,34
670,202
683,97
732,42
793,132
807,290
833,216
873,102
974,97
997,93
11,93
54,73
90,182
120,182
130,187
171,48
176,34
203,42
203,59
238,242
253,34
258,68
264,68
275,122
356,12
365,166
418,209
483,83
514,182
533,246
584,279
624,25
627,42
641,203
679,242
682,242
779,132
808,35
953,68
87,216
98,158
107,180
230,143
243,242
262,182
306,93
328,42
333,97
336,42
362,202
370,182
389,34
390,97
449,12
468,150
522,34
552,68
572,242
605,68
651,93
659,184
671,144
690,182
746,144
765,144
770,205
781,182
842,34
891,214
919,132
926,16
963,157
968,182
6,235
21,97
87,262
99,48
137,34
139,42
160,106
163,216
222,248
237,107
250,93
287,78
301,12
356,246
408,209
429,12
513,205
535,176
560,107
649,19
699,34
713,182
741,253
774,62
803,246
847,93
872,132
921,182
925,78
56,68
75,246
121,245
153,130
179,263
338,97
347,182
361,273
366,180
378,182
417,35
418,157
449,132
469,209
509,245
510,22
531,144
558,187
566,242
597,188
615,174
652,3
668,108
720,279
751,202
791,67
826,182
863,42
896,68
923,97
966,111
978,121
43,144
54,118
60,182
188,144
195,59
241,242
258,184
270,245
285,134
287,68
301,158
305,174
310,187
358,21
360,246
367,267
379,6
391,68
403,263
419,59
522,182
546,97
558,246
560,245
583,246
625,97
635,97
655,94
668,256
690,123
698,188
706,42
730,93
797,93
813,79
860,12
864,134
903,28
917,150
919,73
924,132
957,182
991,23
995,283
45,182
81,182
83,21
91,118
182,93
202,291
276,73
289,144
302,188
304,157
325,107
337,73
369,145
372,107
429,203
430,42
443,245
479,107
492,291
553,107
575,68
613,176
631,107
670,245
690,68
696,202
697,275
719,226
721,158
728,182
900,228
20,271
73,152
81,267
99,93
138,143
164,182
216,93
235,205
277,282
285,97
285,42
287,121
344,132
389,12
409,182
475,182
476,287
523,166
621,157
628,12
636,216
641,262
686,202
700,39
707,118
707,34
723,144
757,166
794,97
812,187
879,205
888,275
915,182
927,93
81,107
85,59
90,152
142,166
163,67
177,245
210,203
254,0
262,34
267,93
322,63
413,68
474,253
505,132
516,175
548,119
570,144
593,198
609,242
709,132
730,253
751,157
893,59
904,176
956,34
971,97
112,11
15,68
17,34
79,290
82,271
82,42
96,42
115,247
124,106
138,42
148,106
157,191
161,34
227,187
235,246
240,187
290,216
291,121
360,42
367,67
385,48
444,76
489,184
515,97
516,241
543,141
543,203
547,86
596,70
623,182
654,12
676,182
767,242
791,216
809,144
887,106
951,34
971,190
987,78
992,59
12,188
16,203
37,12
52,187
52,235
96,55
172,182
218,144
245,275
246,235
268,118
280,246
343,166
377,93
382,275
382,182
396,34
431,182
460,74
463,170
495,121
510,246
534,132
553,245
595,290
616,203
719,253
769,12
771,175
872,97
889,42
953,205
979,97
17,202
23,21
37,125
72,246
233,182
309,218
358,34
384,157
410,97
444,97
450,120
451,68
459,196
494,48
644,23
648,246
728,107
734,97
764,287
769,42
793,23
849,42
886,59
905,42
920,175
957,204
992,25
50,172
63,12
64,222
130,22
160,158
184,132
190,245
210,253
220,188
290,118
293,77
317,226
327,132
401,107
419,42
460,144
473,202
475,245
482,68
577,182
672,242
678,8
694,184
738,107
750,93
755,242
768,182
791,246
817,182
849,119
874,137
876,182
890,182
956,107
6,34
26,182
57,21
132,274
152,276
160,42
162,12
228,247
239,248
268,174
269,68
281,12
304,242
309,182
342,182
420,271
422,132
459,216
498,202
520,245
549,224
676,144
680,73
680,144
682,184
697,130
698,42
701,182
732,222
747,42
812,188
878,142
923,12
928,125
985,42
50,21
51,248
58,25
97,77
174,93
187,30
274,182
287,172
334,42
385,166
408,195
415,73
489,132
489,227
591,166
594,182
611,246
632,214
639,246
676,251
736,253
739,91
744,247
756,188
768,59
771,68
806,132
824,182
832,235
845,121
978,68
987,42
987,233
998,93
548,13
40,290
70,211
76,151
107,97
131,42
134,187
154,152
169,209
187,93
247,97
344,192
384,219
387,208
425,59
450,227
461,16
482,118
504,187
530,216
557,203
559,147
573,182
611,97
702,235
706,172
733,290
759,242
795,132
804,68
898,21
929,54
945,196
8,143
60,290
83,253
85,143
91,188
135,246
136,206
142,42
158,97
175,143
184,144
265,97
295,34
315,205
373,106
403,21
406,235
412,93
432,187
447,262
452,163
456,202
471,190
519,59
526,249
552,21
573,91
621,242
690,166
699,0
706,185
731,119
743,21
758,6
777,246
808,23
820,187
829,150
856,242
866,245
895,246
949,97
958,166
983,83
993,102
891,12
22,152
44,180
54,290
84,187
104,17
110,166
113,245
113,110
125,245
148,73
190,93
207,182
234,78
241,144
271,107
272,214
285,21
292,42
308,202
313,97
327,205
340,125
345,132
347,245
370,106
372,93
398,42
477,212
488,73
519,166
527,242
538,242
708,187
729,290
772,76
782,134
862,107
897,118
910,42
932,132
947,93
981,150
17,144
127,248
135,132
149,107
222,182
224,246
230,182
242,107
262,18
262,93
319,123
320,182
357,150
394,151
396,21
406,182
420,144
512,218
540,150
553,182
580,9
611,68
612,262
618,207
653,42
694,182
725,12
745,93
793,42
818,97
845,102
932,97
959,93
989,143
15,22
17,182
94,182
116,67
127,132
138,182
140,42
190,187
208,245
213,216
224,183
250,290
256,203
279,242
619,73
634,246
636,218
686,242
709,286
749,158
884,110
915,4
31,63
64,73
92,289
100,193
114,253
133,186
148,118
157,157
166,74
172,290
184,184
248,83
325,235
333,184
364,42
364,125
400,246
426,21
483,132
531,202
574,135
658,144
669,91
731,78
916,216
923,77
924,182
928,182
931,96
942,93
985,35
5,91
9,34
13,182
26,143
68,214
170,132
265,68
271,218
297,290
316,152
324,120
327,246
337,144
364,221
400,97
405,73
445,34
475,267
503,182
536,246
539,182
576,3
612,290
615,34
620,256
635,214
674,91
701,122
726,122
754,83
779,122
782,242
934,247
955,93
984,23
994,187
3,144
84,188
100,145
119,3
169,157
247,246
253,68
253,209
272,68
314,34
318,97
323,245
404,182
474,228
538,166
547,246
577,209
623,93
637,150
644,107
661,242
716,121
734,144
815,182
819,132
821,182
854,214
885,172
896,182
937,107
959,18
986,68
0,59
72,106
89,182
107,12
234,48
268,182
287,80
381,242
395,68
395,246
411,78
446,118
455,275
466,214
504,93
511,68
528,246
593,180
596,259
658,68
667,182
679,93
680,68
689,107
722,59
727,68
733,107
777,182
778,166
823,242
871,23
874,78
878,97
907,144
922,272
945,93
947,216
986,12
28,93
256,12
262,203
323,246
335,134
381,107
404,93
429,143
447,67
463,183
464,62
493,182
506,91
511,154
528,222
545,21
547,42
562,242
578,34
579,246
585,195
595,93
616,23
641,34
759,12
791,118
792,176
810,16
862,34
957,106
966,239
989,182
25,203
29,96
33,68
170,202
179,202
230,59
272,12
318,12
352,97
397,68
398,182
430,48
449,68
530,34
578,245
677,158
705,290
802,69
833,150
879,203
913,142
932,144
936,182
941,246
972,182
994,93
30,96
99,59
115,242
121,23
123,16
128,107
148,246
234,89
257,122
260,44
288,262
345,242
361,97
428,182
507,191
553,152
568,182
607,68
618,68
656,182
665,16
680,130
685,172
694,223
715,12
735,216
753,246
810,216
840,112
868,25
873,121
878,245
889,25
901,182
934,12
966,102
71,182
95,182
103,68
105,106
111,184
130,68
151,190
203,25
261,182
315,249
341,151
366,21
384,182
387,68
394,144
401,152
412,188
427,15
465,12
483,85
497,144
506,180
538,106
574,290
610,182
634,182
641,67
693,143
693,290
700,143
719,21
736,291
753,77
792,12
843,271
858,160
906,182
907,68
913,12
956,203
964,183
965,150
990,242
2,188
13,34
62,59
97,54
112,192
136,246
172,126
181,67
328,246
330,245
392,182
415,246
427,166
448,25
448,48
466,242
517,24
556,172
561,97
564,236
587,97
618,106
622,97
626,182
631,34
636,262
650,191
665,68
695,73
762,59
790,118
812,93
964,172
983,182
912,34
41,42
62,25
76,68
81,44
100,79
124,182
124,59
125,107
126,42
129,86
138,248
154,182
158,242
170,269
219,270
256,42
260,42
282,93
318,22
322,215
377,182
417,107
465,93
550,182
627,144
641,150
659,97
669,166
675,235
726,182
753,279
757,132
779,93
854,12
899,12
974,214
50,78
58,59
59,150
60,34
64,182
68,106
194,68
255,246
258,290
259,248
328,203
353,97
374,106
402,21
403,242
422,248
444,21
496,132
500,235
508,99
529,107
565,182
623,188
652,68
717,242
745,34
776,97
875,106
876,205
916,34
951,68
970,107
6,182
15,81
30,102
78,123
90,93
114,209
120,42
149,182
169,132
172,246
211,12
223,107
225,290
229,151
237,3
369,193
376,132
377,107
388,182
440,184
487,182
501,48
510,279
514,188
525,182
564,195
610,47
654,246
656,93
709,144
710,21
716,21
734,282
757,61
834,42
837,107
861,106
869,93
913,245
940,204
945,34
78,182
141,132
174,242
175,166
209,23
211,97
240,188
240,182
269,132
282,6
284,143
304,202
377,34
408,102
447,150
454,137
461,290
472,176
491,218
503,73
531,152
542,216
574,222
607,144
616,107
666,203
734,215
870,191
874,256
886,106
926,65
930,235
956,182
966,96
977,68
131,97
161,67
162,106
165,97
174,21
181,216
216,42
295,182
331,176
347,135
348,68
351,182
377,216
383,42
484,188
489,157
553,187
598,73
634,161
800,246
821,246
850,19
870,182
906,93
931,2
973,67
978,137
98,59
109,189
111,68
116,118
135,37
144,77
201,132
209,182
226,182
255,34
320,107
340,18
355,102
385,42
423,183
434,42
469,68
484,157
518,143
547,182
549,99
572,42
630,34
652,35
653,93
785,21
788,215
855,106
903,227
908,12
954,182
1,107
39,122
119,107
231,274
252,132
314,73
319,246
361,256
391,97
446,34
492,12
500,118
532,151
565,275
578,290
702,107
704,93
722,182
730,182
735,222
752,182
752,203
780,143
805,242
816,0
833,107
938,183
939,182
955,107
964,121
983,188
20,182
40,123
69,118
116,34
139,182
164,246
187,107
198,134
216,182
264,144
274,166
285,242
331,273
335,144
382,183
404,152
410,166
472,259
520,182
550,158
577,4
583,290
585,132
598,182
663,182
671,214
685,245
712,143
806,190
837,218
838,107
909,118
929,91
934,182
958,42
34,144
71,289
114,80
132,273
133,182
141,77
147,182
158,211
163,34
163,262
168,224
200,77
214,97
252,199
278,68
340,182
344,21
365,59
406,69
438,182
449,144
471,97
476,121
485,245
493,157
532,202
558,188
575,34
584,93
594,235
600,66
608,97
699,21
746,182
761,202
764,172
831,132
833,182
890,77
941,55
949,12
961,12
14,279
57,34
70,290
104,182
109,262
112,13
137,216
144,22
208,216
271,34
282,182
300,222
303,74
306,246
352,144
377,150
393,42
447,118
517,188
535,187
558,97
560,203
594,93
598,34
628,203
635,114
637,246
688,42
715,182
742,97
762,182
775,16
825,246
830,245
848,35
916,67
920,246
43,34
59,216
101,144
112,144
157,144
210,182
250,16
256,180
311,200
314,182
317,242
328,67
335,182
375,216
376,61
398,3
400,187
415,182
478,240
515,143
546,214
625,274
662,182
683,132
701,235
716,96
716,102
755,144
757,97
777,205
786,123
811,202
827,158
864,144
892,123
907,77
911,68
935,132
937,182
948,83
988,132
2,93
25,91
51,182
92,242
163,107
188,271
233,77
332,42
339,125
395,93
426,4
461,73
476,144
477,12
515,106
533,182
577,253
604,68
631,67
634,23
709,184
740,242
758,128
866,182
866,38
888,12
888,176
893,154
899,182
966,83
987,83
13,262
39,235
50,80
61,231
102,180
147,157
158,144
296,242
316,151
342,107
342,34
349,182
379,93
399,182
437,42
439,3
480,224
499,59
518,42
519,182
544,290
549,106
564,42
576,93
591,203
634,60
654,182
677,182
677,59
769,25
776,18
796,97
834,188
847,188
882,33
909,12
911,214
991,182
994,182
17,242
29,145
63,246
67,65
76,93
96,182
107,68
203,143
233,290
257,107
277,215
327,23
340,154
374,143
401,187
420,290
504,21
517,246
519,34
532,93
554,48
586,196
629,144
707,204
718,227
725,93
727,93
772,242
818,144
828,45
869,279
879,42
951,105
972,3
981,93
992,166
24,144
45,135
93,97
94,16
123,246
133,72
149,34
164,73
188,83
215,118
230,248
244,125
245,157
357,67
370,42
507,157
508,12
509,97
513,246
543,12
603,182
636,67
722,42
733,93
743,132
776,203
786,144
821,204
828,132
837,67
859,246
865,182
866,235
878,106
912,196
915,203
927,23
948,132
970,188
979,34
980,182
995,90
14,182
24,253
53,144
74,218
173,182
174,42
179,157
218,93
219,201
227,246
312,93
352,242
356,290
396,242
408,78
470,152
500,34
508,125
517,253
524,12
534,144
567,12
568,246
573,157
673,203
686,144
693,106
695,290
700,106
708,107
711,182
744,93
752,235
760,226
770,23
774,202
829,222
896,42
962,83
974,273
984,86
107,21
116,150
185,202
191,21
193,242
286,152
290,150
317,21
398,203
413,184
416,238
435,246
533,93
535,68
620,180
630,144
663,150
667,34
726,93
797,182
801,215
821,150
831,151
892,21
898,80
900,209
31,68
84,97
121,107
132,97
194,144
320,93
369,103
383,203
401,245
603,132
631,242
646,157
647,154
657,214
677,68
708,34
807,222
815,248
855,97
870,248
936,290
953,254
953,246
963,290
972,107
980,106
20,245
46,12
49,3
55,203
120,188
156,132
188,97
316,157
346,188
427,182
435,175
436,68
461,182
467,12
467,203
493,213
526,246
530,93
534,0
562,117
571,182
582,78
601,16
638,59
659,144
691,118
709,12
757,106
804,42
808,182
820,202
826,91
861,222
871,182
896,245
921,206
946,158
946,143
23,97
25,182
32,182
33,97
58,248
79,248
106,107
137,118
143,16
190,182
196,147
200,42
243,245
283,97
294,251
367,16
388,219
419,143
440,144
483,120
533,132
537,157
561,132
567,132
582,119
663,107
681,204
745,204
748,246
796,184
814,290
821,34
835,97
845,42
889,166
895,42
901,118
963,132
974,114
12,176
39,34
87,118
143,12
147,195
229,152
271,18
305,273
312,34
328,56
339,42
376,97
383,97
419,97
441,214
449,76
511,242
541,203
559,242
592,93
603,157
669,180
690,222
698,157
779,67
866,93
899,59
913,34
955,182
975,42
8,166
68,248
93,143
169,104
385,143
411,102
465,125
501,143
518,158
524,18
529,187
540,216
569,242
605,144
641,189
645,166
663,262
674,182
740,97
751,183
756,72
801,182
810,67
828,242
864,68
872,42
911,97
942,176
995,290
65,203
84,68
138,59
177,182
224,182
284,59
299,279
337,68
340,281
367,246
378,203
386,21
410,214
417,42
426,121
471,250
480,34
518,182
572,68
598,245
632,106
642,242
645,104
686,21
692,34
719,182
721,182
757,144
785,0
828,97
838,182
846,182
867,223
19,68
38,182
43,130
103,121
167,157
190,107
245,91
280,106
302,246
304,144
307,279
442,246
480,12
503,246
508,18
614,68
633,182
714,99
721,113
803,68
840,172
880,22
948,48
962,68
979,246
11,203
32,290
55,106
72,166
76,144
155,67
209,205
297,73
326,182
347,73
365,182
368,23
418,130
512,107
512,182
569,93
573,144
585,68
585,165
674,202
718,144
780,182
831,65
850,168
902,68
5,9
35,245
37,42
42,12
54,34
63,97
69,188
110,222
126,106
145,182
168,34
196,130
217,68
220,93
229,54
246,118
252,182
266,21
280,204
308,12
320,235
351,77
354,21
361,12
376,68
380,242
457,274
479,182
501,59
502,132
567,246
586,216
606,97
606,277
607,209
762,109
808,107
960,209
967,248
971,114
0,42
4,106
32,73
49,182
52,107
139,166
169,144
254,34
392,107
392,44
454,121
465,16
481,93
534,97
538,33
544,73
590,31
599,166
609,187
653,182
673,16
679,182
724,184
765,68
778,12
795,97
798,203
868,248
895,34
971,242
977,107
987,256
4,203
7,143
25,16
86,21
119,182
145,106
222,203
283,214
329,144
339,203
345,245
348,97
362,144
372,182
376,242
386,253
391,246
409,67
435,97
450,144
453,166
490,34
514,274
517,93
575,182
646,151
780,166
832,182
835,26
883,46
930,187
938,42
939,68
984,67
996,93
37,224
128,182
129,77
226,42
246,218
286,83
315,23
316,202
342,247
347,246
390,215
392,34
408,68
473,68
520,235
559,144
588,48
621,274
640,107
645,97
654,132
673,125
743,246
783,3
836,166
848,107
849,256
886,143
906,235
944,290
954,216
961,70
62,143
80,34
124,48
128,114
132,93
150,182
157,242
168,203
220,59
221,21
264,214
368,182
379,188
379,187
403,157
441,272
443,35
460,242
464,144
499,43
513,73
524,176
546,68
551,182
566,97
586,107
609,21
659,214
692,12
742,246
829,204
855,242
901,42
924,48
925,121
984,42
41,182
70,68
72,42
91,187
110,42
155,107
272,97
291,21
370,158
372,110
375,118
389,203
396,63
400,93
422,144
482,176
507,144
515,166
526,42
566,132
585,97
648,144
736,182
754,34
800,188
806,68
807,246
807,135
812,248
880,93
882,74
893,42
900,205
926,182
957,150
993,175
28,63
46,182
61,27
189,21
239,242
242,203
246,3
257,42
295,118
385,97
440,242
448,182
458,182
468,34
521,132
523,214
548,96
563,196
587,246
633,62
732,216
775,246
784,96
803,205
848,182
856,144
862,67
870,17
890,34
944,188
724,182
6,107
9,107
53,157
60,216
64,106
65,67
88,63
89,143
111,108
141,144
184,157
227,68
288,67
291,108
321,136
339,182
369,84
556,78
622,214
645,246
652,23
712,246
758,259
795,144
822,235
824,150
904,187
909,34
917,246
952,182
986,97
5,182
19,158
35,187
70,184
128,34
190,188
193,21
195,114
204,68
221,209
267,188
355,138
363,287
394,93
407,68
410,21
518,48
527,31
554,1
593,12
610,176
629,68
671,97
692,97
695,144
702,150
774,77
815,225
860,48
860,163
875,222
933,12
941,21
972,245
989,25
49,245
55,248
104,214
155,23
161,216
165,242
191,261
226,176
242,3
268,12
324,256
334,182
423,68
433,97
463,144
503,290
515,59
531,182
539,246
599,59
624,182
700,48
781,132
816,21
830,187
887,163
914,274
923,132
938,23
4,222
15,188
19,183
38,246
135,83
160,93
173,93
194,152
201,242
292,23
301,106
330,61
405,49
484,242
504,242
511,132
537,242
555,218
633,202
687,13
700,97
710,182
734,246
755,191
758,96
768,48
847,182
882,192
884,242
933,132
934,118
949,132
985,182
12,187
30,252
34,33
89,25
96,205
110,216
165,184
205,132
244,18
270,182
286,68
308,132
317,144
356,51
433,114
436,77
443,107
444,214
482,34
493,277
528,106
544,118
648,290
801,93
820,118
837,216
860,248
869,182
905,21
910,86
917,216
967,144
978,172
35,182
74,67
97,157
120,107
130,188
144,121
185,151
198,251
217,74
233,166
293,97
350,16
363,180
432,107
440,132
505,12
569,182
754,273
758,119
794,290
796,290
831,202
835,12
911,144
922,34
958,59
12,68
24,83
47,42
67,93
117,271
120,93
151,253
155,182
238,34
252,17
279,286
309,118
310,21
357,216
358,242
362,182
447,34
458,118
463,34
498,91
509,139
526,203
559,97
568,262
570,242
597,93
664,97
676,34
683,68
701,3
702,34
707,246
727,274
824,216
841,291
952,34
954,222
969,97
993,68
16,274
94,12
115,34
129,205
160,182
195,106
267,187
306,182
316,54
361,180
382,248
389,101
393,242
425,106
454,78
487,160
492,77
523,68
524,42
576,122
584,68
608,68
626,118
660,12
699,97
745,56
749,42
789,242
820,188
864,97
864,31
868,166
885,121
903,182
922,176
936,93
970,235
975,216
13,150
37,18
50,68
132,12
168,141
186,242
195,203
198,242
204,106
205,246
237,38
289,183
355,21
374,166
444,242
464,9
479,23
536,253
555,267
587,132
703,96
713,91
725,248
773,248
789,245
826,203
836,59
836,143
846,73
864,34
907,97
27,132
57,237
82,245
98,1
105,93
112,102
123,216
198,68
228,118
249,246
298,182
324,13
339,18
369,146
462,97
547,205
581,74
581,68
588,1
658,21
679,290
780,106
804,144
816,16
816,182
839,246
901,135
902,93
940,118
955,290
980,246
981,107
16,97
91,235
139,25
296,114
315,161
321,42
335,263
410,68
452,99
467,97
482,273
496,144
574,246
642,144
707,182
721,48
777,23
788,147
794,209
801,248
822,107
830,182
866,107
867,132
875,59
952,267
965,262
982,282
983,157
988,130
2,187
14,186
94,203
109,246
110,123
117,245
129,246
156,242
166,83
234,42
273,182
295,204
296,251
305,182
468,67
505,97
531,246
571,107
574,182
587,245
590,132
597,107
628,184
647,12
661,182
682,132
691,150
701,34
709,214
724,21
725,107
729,143
754,97
814,245
818,68
884,182
893,12
911,195
937,187
18,157
77,21
79,182
80,246
86,214
123,67
143,42
178,154
225,73
232,107
232,160
275,182
276,290
306,42
319,242
365,48
386,246
389,182
396,203
416,21
421,274
438,158
447,216
468,107
491,53
515,48
521,202
521,144
605,97
613,118
620,291
656,253
657,12
698,182
752,35
766,34
823,107
843,227
859,132
871,235
878,166
937,93
960,97
960,132
46,34
77,59
82,242
98,182
147,290
159,182
182,74
191,91
201,97
234,102
243,157
316,182
324,68
335,184
337,132
352,93
395,290
437,34
443,3
471,132
494,166
520,122
545,0
586,34
605,203
617,18
674,68
777,68
792,188
858,182
865,246
865,93
877,78
920,144
935,184
973,118
3,85
53,182
66,34
92,97
175,25
188,132
229,182
230,158
249,182
299,19
332,245
343,178
359,144
387,97
405,222
445,196
462,68
483,144
485,73
488,97
499,1
584,245
745,182
759,68
762,48
778,48
821,118
846,290
856,48
897,182
923,272
954,204
968,136
998,154
2,182
3,132
35,188
89,42
166,182
306,187
362,65
365,143
418,242
534,242
537,182
557,107
572,26
591,42
615,182
624,59
624,143
668,68
670,68
697,147
735,166
743,215
765,93
781,257
812,182
851,215
904,97
942,154
945,107
950,191
957,246
974,203
982,68
991,35
992,109
997,235
25,154
29,256
34,97
102,21
108,273
123,262
133,246
139,48
140,78
149,218
192,182
221,68
275,93
285,68
302,93
318,246
322,51
333,20
473,9
481,68
541,182
613,34
643,245
679,55
705,242
714,12
791,34
843,97
868,42
895,182
903,132
913,166
918,45
962,239
77,106
88,182
113,187
161,246
169,184
170,242
185,68
213,262
257,73
280,216
281,97
284,106
319,203
348,120
375,246
383,180
393,180
406,23
416,131
452,18
525,125
527,144
545,34
563,262
566,209
586,93
638,106
710,246
711,157
720,182
731,36
787,34
807,73
818,132
837,262
872,245
906,204
925,245
931,58
966,249
988,68
41,166
55,182
136,42
164,106
173,23
182,68
191,242
233,55
240,246
260,179
314,246
338,290
354,209
395,183
398,235
403,42
405,182
440,182
480,143
600,270
610,42
629,130
692,214
727,12
760,68
774,182
842,12
857,216
886,166
905,121
915,253
26,59
101,227
106,93
170,144
195,12
216,245
226,250
238,93
253,21
279,34
293,86
336,59
460,182
472,68
560,163
591,182
668,119
674,144
732,106
737,182
750,68
766,118
774,91
810,150
815,150
844,182
844,209
964,36
982,132
0,182
53,21
104,227
164,290
183,34
192,150
215,182
227,188
290,67
346,93
361,132
376,144
399,246
399,93
410,34
428,67
448,42
457,12
480,182
500,122
510,187
521,34
568,67
606,140
609,188
626,34
702,216
715,141
747,242
760,96
764,77
764,245
809,97
849,172
854,97
858,123
867,144
899,48
942,42
950,68
965,182
993,110
998,182
46,118
125,3
147,144
247,95
283,242
325,182
409,216
546,77
561,123
576,235
580,68
602,172
611,132
625,21
652,107
653,107
695,68
703,32
711,195
754,132
797,21
813,119
830,107
836,25
838,150
859,144
863,107
881,246
899,25
969,68
9,166
70,144
74,93
111,132
260,235
264,97
297,144
305,118
306,188
339,12
381,21
481,170
542,235
575,6
576,107
597,187
625,269
693,166
699,68
809,242
869,275
877,251
943,188
955,8
978,78
989,166
11,154
33,79
33,203
93,59
154,107
162,118
174,188
178,78
205,83
242,35
251,246
255,174
261,6
286,102
354,4
371,182
378,291
390,144
407,42
546,144
598,118
600,146
662,68
703,95
765,242
767,291
774,9
800,182
804,97
808,245
834,245
885,22
939,42
721,1
18,185
70,132
76,202
103,42
112,96
136,182
137,182
151,21
176,0
295,246
308,144
311,182
366,34
392,42
443,182
451,83
463,97
467,93
537,144
550,48
589,132
600,288
602,78
614,97
625,242
684,77
687,182
704,182
710,0
753,19
777,249
807,182
817,202
941,34
960,242
965,93
970,93
990,245
612,34
0,48
134,245
153,68
166,144
206,245
227,93
273,42
348,144
416,68
475,23
491,182
493,175
536,21
569,188
592,107
609,182
643,182
693,48
741,214
743,282
751,182
819,144
852,132
936,34
995,182
995,68
20,246
58,166
75,222
103,108
108,137
187,188
219,164
296,68
299,275
308,97
397,209
404,107
411,277
421,214
441,12
453,182
471,68
474,21
550,59
561,144
694,202
720,246
738,245
742,132
749,106
750,188
759,214
771,214
787,182
855,209
928,203
945,67
968,42
64,246
105,158
157,182
160,59
181,118
211,167
243,21
269,97
309,235
324,144
325,290
356,215
365,25
382,123
394,202
484,93
517,182
551,93
596,221
598,290
650,68
673,12
712,290
715,125
740,166
764,42
772,209
818,77
930,188
2,107
8,59
86,132
97,202
139,143
149,93
203,109
222,59
254,182
293,12
314,290
331,42
339,16
357,166
388,93
424,97
433,12
460,152
487,203
515,12
635,12
646,144
649,93
689,182
745,246
781,17
813,78
847,290
858,222
902,132
936,73
946,48
950,132
33,12
40,144
67,202
173,68
178,34
192,67
216,235
278,182
292,107
298,245
302,187
305,176
306,157
351,100
512,18
527,123
701,93
704,12
755,182
813,83
819,251
836,42
852,3
853,182
856,97
885,68
896,93
954,67
961,59
961,132
972,23
975,93
976,182
0,25
15,72
19,182
38,183
95,35
118,253
143,154
183,182
186,93
217,144
226,236
256,16
326,242
380,192
384,183
432,235
446,204
456,144
498,9
507,132
547,68
616,35
704,203
809,162
827,93
830,188
857,182
892,246
16,214
119,23
172,220
175,182
176,55
204,21
205,97
212,129
225,246
231,118
239,217
263,42
324,175
355,14
394,21
409,42
424,42
426,209
441,97
449,214
451,79
506,97
539,247
558,68
572,180
576,182
604,188
608,248
628,144
638,1
640,218
649,246
659,68
752,42
797,209
799,176
860,106
868,59
887,143
891,132
982,245
44,132
56,144
126,68
331,182
383,291
393,203
458,204
509,93
522,157
574,149
622,132
684,205
692,290
710,55
776,42
776,99
794,144
799,118
805,215
822,42
876,23
902,166
914,174
924,91
925,155
934,34
963,195
964,78
824,67
21,144
53,242
104,144
154,245
174,97
189,89
206,142
273,93
319,97
320,68
373,68
383,106
414,93
440,245
485,34
491,107
529,182
583,73
629,242
643,132
648,123
655,156
657,291
666,34
697,144
744,283
769,143
789,182
844,4
858,246
867,184
874,172
895,290
951,97
960,21
964,77
971,191
31,214
59,67
59,262
88,21
111,144
117,78
145,158
159,42
168,133
177,166
228,182
269,214
283,184
292,3
327,182
333,77
388,34
407,3
448,59
451,119
459,262
536,42
545,182
549,182
563,93
564,238
612,246
630,132
663,93
683,215
692,73
717,55
723,245
797,80
802,97
831,97
901,246
927,107
929,68
7,25
7,248
18,83
97,144
182,77
199,42
200,107
211,242
274,48
301,143
387,290
487,8
530,182
588,59
696,121
696,172
702,160
739,25
772,34
785,246
817,132
836,109
841,180
880,245
880,242
952,3
996,235
8,182
16,42
132,68
141,12
160,48
191,182
192,93
193,154
231,176
261,187
312,187
342,93
359,209
399,42
412,187
413,182
430,106
467,91
483,274
508,182
541,125
551,188
569,157
582,121
583,118
604,182
611,51
665,180
680,147
719,291
733,34
752,3
759,166
761,68
764,78
888,118
912,182
922,182
926,12
981,67
18,191
65,216
83,175
156,144
183,266
220,182
228,114
275,107
315,182
343,182
354,80
360,40
371,245
414,166
418,182
442,34
469,242
488,246
522,242
551,144
552,97
593,97
604,93
615,73
633,68
651,68
653,245
661,263
673,18
725,187
731,79
755,202
806,97
859,166
863,216
865,157
897,34
919,23
949,144
965,34
986,132
997,245
104,184
148,248
197,240
224,290
238,21
255,290
375,182
411,41
439,235
623,235
639,206
662,158
664,68
700,59
725,182
766,176
770,93
799,34
810,203
850,68
851,68
853,150
879,106
892,242
932,68
959,12
4,216
31,34
51,157
73,107
86,97
87,290
103,172
105,182
110,182
133,68
150,286
171,78
189,48
251,62
283,144
373,166
375,67
388,188
394,242
415,290
417,3
474,237
485,246
505,166
640,93
655,238
679,34
800,93
847,42
946,106
948,97
980,245
27,97
32,118
32,246
118,21
181,204
248,132
269,180
314,118
341,68
492,214
525,18
541,284
567,97
578,73
602,226
622,242
623,42
632,97
642,97
688,86
806,144
861,182
862,216
880,144
894,144
962,111
985,23
10,97
16,28
19,48
117,172
162,166
166,175
303,68
336,166
369,96
523,144
579,205
589,12
593,22
599,106
599,245
653,188
665,203
667,246
678,93
709,97
794,68
826,16
856,192
886,42
918,10
925,108
934,114
956,215
958,97
958,248
958,12
959,16
7,182
87,246
115,107
120,235
122,182
146,78
239,134
255,118
260,182
270,93
301,182
307,275
329,214
333,144
360,253
374,48
411,175
489,144
494,59
527,68
570,263
582,83
588,158
614,144
628,132
678,290
687,31
733,73
741,182
747,12
778,106
819,97
867,157
890,68
933,259
17,184
19,42
53,34
55,166
63,290
93,242
128,235
164,135
196,242
243,144
262,21
308,21
362,62
453,68
458,246
479,203
501,166
537,42
544,246
554,182
556,68
594,34
613,166
617,267
638,143
651,6
652,245
667,174
670,97
671,12
678,73
749,68
753,182
769,182
782,157
819,68
835,242
842,174
882,182
883,68
899,143
943,22
961,69
998,12
28,73
76,73
83,132
98,42
118,203
158,34
168,99
201,106
203,182
207,166
242,182
245,182
248,144
262,253
277,214
279,12
291,209
294,68
318,198
323,144
358,209
391,191
401,110
434,291
449,97
509,242
522,217
593,203
594,107
605,132
619,23
651,188
689,42
708,182
730,21
737,68
769,166
777,42
780,222
805,132
871,107
37,203
42,176
62,42
88,42
167,188
170,97
201,166
237,93
253,214
272,144
392,267
412,182
446,150
561,242
614,290
683,242
732,182
803,182
815,34
823,42
897,8
901,174
948,147
992,143
998,125
146,42
14,19
26,25
49,107
56,195
83,144
134,188
166,246
182,188
202,12
214,106
218,188
237,235
276,107
278,202
290,262
307,182
327,68
331,12
394,97
399,205
420,182
442,118
450,97
454,278
522,144
527,97
567,68
691,204
692,68
718,132
744,12
824,107
834,118
873,68
942,16
13,216
30,277
65,246
71,253
76,97
102,242
107,242
108,291
140,270
167,187
219,102
239,157
258,242
282,245
323,260
327,42
379,245
380,251
444,268
455,183
462,242
498,182
502,182
516,97
592,23
646,9
651,182
666,154
713,12
724,157
790,34
804,186
842,118
848,3
852,23
862,182
881,242
887,16
904,93
928,284
945,216
979,215
9,150
9,182
14,275
36,176
69,176
79,245
108,203
146,270
159,73
175,48
178,277
196,144
198,144
212,182
213,93
227,97
234,166
393,12
432,42
437,114
485,290
498,62
563,216
592,245
604,246
666,91
686,184
699,91
702,182
706,278
723,157
729,97
732,246
763,106
782,34
783,93
840,291
841,214
851,202
867,227
916,150
963,144
990,97
36,68
69,187
151,250
178,121
223,166
232,34
236,162
244,12
249,68
255,73
365,42
386,0
424,93
426,80
486,107
539,242
546,12
614,77
644,77
646,182
661,34
703,244
714,34
718,230
773,166
812,107
814,42
828,68
832,188
855,290
889,182
892,97
990,187
9,216
47,114
68,48
92,258
116,216
227,77
243,182
244,16
248,85
288,246
352,21
434,78
484,182
490,123
494,182
559,130
599,143
665,12
669,34
673,42
714,141
748,132
755,157
762,158
786,157
811,78
848,203
942,182
994,107
42,182
45,73
57,209
90,245
98,48
101,83
108,12
177,59
180,93
189,78
215,34
239,166
259,97
259,166
330,242
337,202
352,202
359,182
420,157
431,246
447,246
489,182
565,188
605,166
689,187
723,188
741,21
782,217
786,182
787,216
790,174
799,12
800,157
834,235
875,203
910,182
920,275
993,96
11,12
15,201
66,68
73,110
78,248
121,182
133,188
140,102
150,168
173,246
223,235
277,144
282,188
298,6
325,86
337,290
345,97
414,106
430,158
476,13
495,273
502,157
548,256
549,12
556,271
557,182
560,290
637,68
645,21
693,59
723,182
736,21
853,216
890,93
900,182
956,21
985,3
22,242
61,83
67,157
152,220
238,97
305,166
326,54
331,34
362,275
382,157
387,144
409,166
466,211
481,274
524,274
550,143
558,22
592,235
665,182
713,25
717,144
823,34
839,34
895,174
902,12
916,235
977,188
984,182
31,51
60,246
92,175
135,97
162,34
194,97
258,97
259,21
270,152
314,216
326,21
385,106
422,12
530,67
540,118
707,216
724,242
727,242
761,34
779,182
813,121
825,95
850,275
859,229
879,245
888,273
917,152
928,16
994,188
44,203
48,214
56,202
89,166
100,96
110,68
131,263
151,182
248,97
273,12
303,144
319,166
324,96
348,85
352,151
384,246
414,12
417,203
436,97
462,21
465,182
565,19
589,144
591,12
614,132
716,283
803,23
811,80
850,279
877,137
901,290
909,273
930,182
940,166
940,182
961,242
974,12
985,38
29,193
36,182
114,4
116,246
127,73
167,93
230,106
247,68
275,34
277,97
300,166
311,118
318,203
336,182
341,202
360,68
387,73
412,253
437,118
437,182
441,42
445,246
529,188
550,106
566,34
588,42
594,122
656,21
715,203
786,132
802,246
820,182
836,182
855,254
862,150
922,18
989,59
35,107
106,188
125,182
186,21
209,246
310,93
326,202
349,68
425,182
428,42
456,54
466,97
514,187
519,143
536,251
540,34
555,93
627,217
718,97
739,182
743,242
766,12
790,274
817,144
822,3
839,182
914,176
917,67
921,122
932,48
946,182
967,290
968,246
28,106
53,184
66,271
67,182
68,91
79,61
91,132
101,132
118,182
198,217
216,188
263,86
298,93
346,242
433,42
462,144
486,219
495,256
512,235
644,182
717,77
726,107
746,246
748,77
763,173
767,214
772,97
788,144
796,68
853,107
889,59
967,97
980,248
984,77
4,42
21,12
28,290
61,102
98,106
116,262
200,55
261,107
270,107
271,182
280,182
455,242
475,34
485,118
500,182
581,247
581,114
597,182
604,72
619,42
627,242
632,12
648,182
698,187
749,59
789,271
800,19
802,235
810,262
835,203
849,121
941,182
946,42
949,21
957,216
969,202
983,93
987,66
989,48
996,245
11,16
27,271
30,68
69,68
75,68
80,218
88,253
111,97
122,194
125,235
127,144
144,78
158,68
189,42
191,12
240,93
265,132
325,23
329,184
343,25
359,132
386,55
393,21
414,48
431,290
435,83
486,242
494,42
529,93
534,42
577,42
617,42
639,93
642,209
646,202
697,97
866,3
874,99
883,31
894,34
905,102
914,118
962,96
998,176
1,93
56,13
73,182
111,245
136,93
201,68
204,132
263,246
274,25
323,132
373,248
407,107
436,184
520,187
535,188
736,34
759,97
876,249
893,166
910,38
910,23
921,42
930,93
935,242
944,93
958,106
973,246
42,174
57,253
64,290
99,42
150,19
184,182
192,34
248,120
259,150
283,132
284,245
307,68
330,97
348,132
363,97
386,34
402,42
418,144
429,125
440,157
461,93
469,202
469,21
513,182
541,12
570,134
581,182
587,93
619,205
647,97
650,172
665,154
687,132
739,143
748,144
775,42
779,290
788,132
789,157
805,246
816,181
832,187
853,166
894,97
896,188
903,157
907,132
768,68
20,108
66,62
105,59
147,132
214,166
235,182
264,132
273,247
281,68
287,6
305,12
311,262
416,156
431,73
453,246
459,107
490,68
490,106
540,67
554,183
587,203
600,78
751,144
782,182
795,202
823,93
827,182
843,144
879,249
950,97
985,107
15,182
22,68
63,203
77,166
78,183
85,48
134,182
142,12
231,182
245,144
255,182
263,77
276,93
279,42
293,154
321,246
322,290
358,97
391,290
454,172
535,182
537,123
541,16
567,93
585,144
629,34
657,97
691,34
719,203
735,182
738,248
760,119
843,31
848,42
870,273
885,78
917,292
979,68
14,246
28,182
103,78
154,110
183,242
229,202
250,42
254,21
257,93
296,132
323,157
328,262
344,182
348,34
379,107
390,246
436,144
457,132
466,68
472,72
544,68
563,34
598,246
599,97
600,127
667,118
667,73
684,86
691,216
772,68
792,187
832,93
833,93
833,67
841,97
842,176
844,42
878,143
881,271
882,246
915,21
969,273
975,182
24,124
31,97
80,122
91,42
138,166
175,109
204,97
218,245
221,132
236,268
252,144
278,152
330,21
359,157
380,182
404,245
406,161
408,146
428,107
445,118
481,242
492,97
502,134
507,182
535,202
582,68
583,60
584,182
595,280
601,182
626,246
672,266
713,48
725,215
767,97
784,175
787,73
809,215
822,203
884,152
905,78
970,144
16,12
61,68
72,182
100,277
127,97
151,68
155,290
171,102
171,106
177,222
199,35
218,242
232,265
260,267
329,68
333,132
343,48
358,68
361,214
512,93
525,93
530,150
545,55
555,182
580,86
603,104
632,59
635,242
645,242
655,21
664,242
676,134
704,16
718,28
739,48
758,255
788,246
846,245
870,123
883,132
904,68
48,256
75,144
81,235
108,97
124,166
125,122
166,68
183,93
195,182
199,203
247,41
265,144
297,157
345,68
349,160
372,245
409,107
496,242
500,3
511,97
620,97
637,182
698,93
749,182
754,256
796,77
802,161
845,78
916,246
943,245
944,42
968,205
977,93
29,103
70,97
90,110
93,166
179,144
214,245
219,148
224,135
250,73
431,118
455,144
464,202
487,180
505,248
541,133
545,246
557,42
563,182
657,34
784,83
810,246
841,144
908,274
920,182
953,23
983,246
736,4
1,42
11,125
24,21
69,182
90,187
123,203
154,93
156,217
185,182
194,202
309,34
433,247
435,68
562,116
607,21
625,68
660,246
666,180
673,182
685,82
717,157
720,68
730,4
788,97
797,253
805,144
846,135
883,260
921,93
12,246
21,42
101,31
122,153
182,19
299,246
310,157
312,188
387,132
399,203
442,262
490,97
521,151
543,182
554,42
580,182
589,214
618,12
660,34
714,18
722,166
745,67
850,22
881,12
967,132
984,107
3,97
119,152
157,190
273,16
278,74
310,188
313,68
393,97
396,132
397,242
430,59
439,182
480,166
523,242
528,150
533,174
629,147
630,242
645,169
647,203
687,144
696,68
705,55
708,219
747,203
798,97
801,203
811,121
848,23
861,42
933,154
938,68
944,245
975,67
988,147
65,16
96,73
114,182
120,187
143,182
176,182
225,182
235,245
291,156
312,219
349,107
363,132
374,97
405,290
431,188
446,182
489,34
513,135
589,97
682,157
682,144
720,275
728,235
733,182
761,275
762,106
774,68
784,102
789,21
844,253
854,268
880,97
943,93
993,243
42,34
66,91
117,68
146,175
151,45
189,166
216,107
273,114
320,188
323,182
423,97
435,277
455,202
458,34
491,93
528,182
634,205
677,48
681,118
700,166
712,182
729,245
757,48
788,130
804,242
839,245
840,137
897,290
913,182
918,202
760,13
8,48
26,245
44,97
44,214
78,275
78,166
159,122
206,97
206,106
206,143
213,107
220,68
254,209
266,182
412,68
422,97
462,65
514,68
556,144
581,184
640,34
735,68
737,166
737,48
750,107
756,79
789,166
804,246
888,211
893,97
910,107
951,144
986,248
990,188
24,45
114,271
115,152
119,68
146,177
176,246
181,235
194,246
211,68
219,78
221,182
236,214
285,144
291,293
292,35
315,136
371,120
380,157
414,97
459,182
472,188
494,25
516,68
551,245
587,18
595,222
612,118
633,275
635,132
726,67
791,235
799,182
871,42
872,12
875,42
912,262
949,242
976,93
996,34
27,291
34,215
40,222
51,123
97,91
171,166
198,97
284,166
321,23
335,74
341,182
341,65
381,23
383,12
403,182
438,34
463,68
476,36
496,21
548,102
577,21
579,68
596,115
629,97
643,157
664,247
672,34
675,188
775,93
857,242
873,137
875,182
877,42
891,291
902,88
919,254
929,120
939,23
939,195
982,242
23,242
47,274
167,182
195,158
196,132
217,182
249,245
266,202
311,246
347,118
371,107
378,21
380,34
416,96
443,42
506,176
602,121
615,290
647,274
647,132
753,275
775,73
780,59
851,97
856,166
923,34
952,118
969,144
969,132
970,132
510,182
48,273
57,68
62,166
68,12
85,158
96,68
136,34
138,25
150,68
179,182
188,31
210,68
212,152
217,34
228,12
272,26
302,245
355,22
363,12
390,51
433,275
460,246
618,166
675,182
675,245
716,172
738,42
740,42
744,182
750,182
778,143
820,176
827,59
957,222
997,182
3,68
21,106
39,182
45,290
51,166
55,246
78,157
79,107
82,97
82,21
86,242
92,241
94,154
113,107
113,152
128,122
165,132
213,182
248,68
292,182
346,182
358,229
368,183
384,188
421,154
424,68
466,190
473,62
488,214
493,144
504,188
511,34
583,34
584,187
608,242
642,68
678,34
688,23
706,121
739,166
741,203
795,73
807,150
891,144
926,93
2,42
6,122
69,202
99,158
99,106
109,67
121,3
127,290
180,107
186,34
237,245
245,54
267,182
268,216
274,143
289,182
312,107
332,157
332,246
376,214
407,245
429,99
452,203
525,154
555,107
575,21
589,68
616,182
636,203
642,248
649,182
655,121
681,182
689,235
722,25
749,48
756,182
771,21
816,6
839,206
845,116
941,253
965,216
39,118
44,242
45,246
143,203
221,241
276,8
309,267
319,169
326,157
346,187
451,97
506,203
617,218
624,42
639,245
658,97
666,97
669,97
678,107
707,262
813,172
825,175
826,12
852,67
924,143
933,182
976,245
992,182
995,220
33,246
38,222
43,132
60,118
67,274
153,144
165,68
256,154
263,175
353,12
367,44
384,152
408,83
432,93
458,216
505,106
519,25
560,23
669,154
714,224
714,133
727,21
738,290
798,141
801,42
814,107
909,176
977,245
18,36
20,157
23,34
23,251
48,97
51,34
62,182
133,285
404,110
412,21
423,219
427,132
429,34
432,182
452,125
456,151
496,157
504,157
529,245
562,291
568,189
570,182
602,21
604,245
619,182
644,86
660,290
668,277
683,190
688,107
690,106
695,97
703,277
752,107
790,176
793,205
817,93
877,121
890,107
927,188
48,191
52,68
65,150
109,203
153,83
199,107
202,203
208,210
215,246
251,182
261,188
349,93
369,256
381,42
421,97
485,182
593,42
599,242
613,12
661,157
662,48
668,13
675,93
685,121
691,182
720,19
721,59
766,182
766,272
768,158
776,12
841,12
892,34
930,245
947,34
351,72
13,118
49,235
152,24
152,90
193,114
241,184
286,277
378,253
439,35
542,67
551,157
623,107
637,123
831,242
835,154
921,216
944,107
973,262
48,144
59,246
77,253
143,180
179,132
203,166
225,34
229,157
303,277
315,132
409,235
461,42
499,158
500,42
532,274
572,21
643,202
657,242
668,182
684,182
728,93
761,144
771,45
785,182
792,182
802,23
812,42
829,246
844,21
875,166
1,247
34,132
47,97
47,234
67,242
74,34
102,34
129,182
152,86
182,182
186,216
212,68
223,93
270,187
294,97
325,77
336,25
458,150
495,172
521,97
528,42
555,18
568,203
579,182
640,18
770,249
861,204
940,216
949,214
980,68
988,97
997,107
36,12
61,92
72,222
80,235
101,97
146,83
178,172
183,107
185,242
244,182
253,242
277,242
293,203
310,242
334,203
357,182
367,203
405,246
415,34
423,144
474,182
499,182
526,182
556,108
578,118
580,91
601,18
612,216
619,254
630,97
674,151
711,144
712,222
744,90
755,151
775,182
785,253
794,132
809,246
823,182
893,106
906,34
914,182
922,118
938,182
7,59
37,194
59,34
122,154
126,246
131,21
150,279
174,68
177,106
212,107
215,216
241,97
311,216
318,42
340,203
407,182
419,166
453,48
498,68
503,34
565,68
586,182
646,54
735,246
736,42
760,275
852,245
863,187
965,107
0,166
5,202
42,154
63,215
95,203
122,93
134,77
274,42
301,59
303,175
388,107
411,68
420,246
438,154
456,182
509,188
516,242
521,242
567,144
653,235
660,203
720,77
740,12
764,108
783,42
787,118
795,246
838,216
840,121
871,35
874,278
919,246
43,97
45,42
59,118
71,75
81,34
102,166
173,205
207,123
215,150
242,245
247,6
266,242
279,214
303,182
321,205
488,290
516,93
527,271
543,133
590,83
601,12
616,42
618,97
695,83
696,287
763,91
783,23
832,107
857,166
858,216
872,242
884,42
934,42
945,182
953,73
959,182
41,106
161,292
176,253
187,22
223,34
235,73
270,110
288,203
304,21
321,68
420,245
457,182
459,93
471,144
548,145
563,107
565,171
589,184
594,218
649,279
659,183
712,106
778,59
793,246
803,161
837,203
842,182
845,159
882,83
929,97
995,73
12,97
29,57
42,118
95,3
168,12
194,275
210,289
221,253
234,68
286,78
331,118
360,182
418,147
439,203
442,182
482,274
486,93
550,42
553,93
557,93
576,42
595,246
627,97
641,246
686,97
713,166
741,42
762,143
769,59
773,68
792,118
803,247
825,97
851,144
869,68
876,93
902,97
933,68
964,86
980,205
991,42
996,122
66,182
75,123
80,182
188,68
223,182
241,214
244,99
284,48
294,132
357,34
407,23
411,83
443,23
488,12
495,119
539,157
609,93
622,12
662,43
682,202
694,132
750,23
816,242
827,12
845,270
873,172
887,18
896,107
924,25
0,143
3,120
6,93
56,102
61,96
113,182
165,144
184,242
192,216
202,242
232,12
309,18
330,68
333,68
355,78
370,143
377,67
396,97
402,12
434,278
491,67
510,68
543,125
573,54
575,253
579,248
586,262
650,278
712,166
719,197
746,275
781,199
817,274
833,34
925,102
974,247
976,152
983,271
988,144
1,182
46,174
135,68
170,68
173,73
179,242
204,242
205,277
218,68
225,174
232,182
299,68
347,290
459,34
475,107
512,34
529,68
566,144
601,203
609,157
644,42
654,222
662,59
879,182
905,4
932,12
5,157
18,144
25,93
66,9
74,107
86,68
88,245
95,23
155,152
231,12
235,42
236,12
264,242
294,217
378,191
390,132
428,290
468,182
474,68
486,8
514,176
592,182
617,107
626,60
636,34
642,132
687,68
728,245
732,204
738,182
747,272
767,274
786,246
825,6
834,187
877,169
884,8
911,242
917,34
930,107
943,246
993,244
7,166
34,192
58,42
89,59
122,125
132,214
156,134
206,59
209,68
222,143
283,68
295,150
329,242
346,21
398,107
445,204
496,182
591,59
596,34
608,61
676,157
741,192
748,97
756,6
768,42
783,107
801,107
853,67
860,97
909,182
929,275
991,3
106,290
112,195
114,21
186,182
205,42
208,246
236,17
264,12
303,83
308,242
334,25
402,242
415,174
461,246
606,79
648,202
658,242
694,157
701,107
829,123
851,21
871,3
926,18
26,166
43,147
45,118
52,188
84,93
92,68
109,150
134,107
152,68
202,180
208,182
231,273
275,218
281,144
297,202
300,204
313,132
336,248
342,235
356,97
413,227
497,83
564,96
579,23
600,256
606,6
607,182
626,216
636,107
657,132
672,107
696,245
742,245
748,215
913,118
939,246
940,34
970,182
13,246
35,93
85,106
105,34
134,93
240,157
282,107
293,34
298,188
311,34
320,245
344,144
373,242
379,182
424,187
445,262
452,16
466,250
531,68
545,253
570,132
595,68
602,102
675,107
747,21
751,83
756,175
760,277
770,42
791,204
859,97
869,246
886,97
932,207
947,67
960,203
967,73
12,93
21,77
36,211
73,245
83,277
144,198
215,204
238,188
271,93
322,246
329,97
367,182
380,144
406,107
426,156
528,216
578,246
627,134
654,106
670,93
671,162
680,290
688,182
697,132
705,246
713,132
740,34
765,22
770,246
779,107
790,182
808,3
811,21
815,246
829,216
876,246
900,136
905,209
907,12
947,73
951,132
973,34
18,96
24,182
83,182
90,107
131,134
140,232
177,48
181,246
228,34
231,174
233,169
288,16
290,34
300,246
300,216
322,97
342,114
364,93
402,114
428,248
444,162
450,132
470,87
473,144
501,42
637,222
650,121
651,107
681,246
684,246
695,202
746,157
753,68
761,62
811,68
824,34
830,93
885,137
887,99
904,188
935,182
953,182
971,21
4,182
38,166
73,187
102,42
137,200
141,97
181,34
238,144
288,150
302,158
344,68
345,260
372,152
386,182
467,180
542,118
542,246
579,42
588,106
621,34
621,21
633,144
656,187
703,68
765,97
849,78
874,121
908,182
929,144
961,166
963,182
981,34
997,122
4,246
94,180
126,166
128,93
142,289
192,107
199,23
207,215
235,93
265,73
340,42
385,59
446,216
477,118
486,34
492,203
514,118
520,107
533,52
542,34
551,246
631,216
631,266
643,144
652,182
683,144
742,144
834,182
884,107
894,68
933,16
950,251
23,42
33,277
159,34
165,214
180,34
246,122
261,93
363,214
366,242
397,21
425,48
435,119
438,48
474,209
516,202
603,242
614,246
710,253
710,34
722,143
744,114
780,203
798,125
799,42
818,73
857,93
908,42
912,107
57,182
75,182
126,222
152,182
153,147
193,247
207,246
245,263
390,214
402,97
421,91
430,182
432,188
481,97
535,118
610,166
737,59
742,215
783,182
817,157
826,125
831,144
870,202
906,216
938,205
946,59
6,245
54,246
54,174
117,121
137,246
196,34
213,34
244,93
300,106
353,166
403,144
462,202
464,182
484,187
498,144
499,68
505,77
552,242
556,121
562,159
582,79
608,144
622,144
627,132
666,12
684,23
699,242
730,209
770,182
796,132
828,144
853,34
873,78
878,228
919,205
976,110
979,242
988,83
40,42
41,59
50,278
101,271
109,34
137,262
224,150
225,118
312,182
338,73
351,264
371,68
373,97
375,34
539,191
548,68
561,21
572,97
584,246
676,242
706,78
711,202
746,152
771,242
809,68
838,34
841,132
898,97
962,27
967,5
5,144
22,182
35,68
48,132
49,38
80,118
126,182
141,42
217,202
246,34
266,144
282,68
316,9
338,246
395,97
417,235
441,291
452,12
469,97
476,172
495,78
496,271
497,184
549,34
554,166
590,182
596,242
632,68
634,203
669,12
677,242
783,235
795,290
798,133
852,107
855,21
882,144
941,0
955,34
62,48
87,34
99,182
105,12
140,111
144,137
156,68
187,187
226,12
296,144
304,123
371,93
400,245
414,246
416,64
472,286
497,182
558,93
564,156
566,68
571,93
577,34
597,245
601,125
605,106
607,34
613,274
625,45
664,12
681,216
730,68
731,172
776,125
784,95
838,67
994,202
31,132
85,42
96,246
106,68
113,93
232,42
251,34
317,97
346,157
353,48
397,144
455,182
464,68
473,182
481,21
501,25
540,246
555,42
711,242
722,48
797,4
849,83
852,235
881,97
899,166
966,27
8,12
28,222
140,77
223,122
249,21
269,203
334,59
345,144
397,97
401,93
423,246
436,86
450,73
477,34
483,97
491,34
502,217
539,114
540,235
570,157
575,181
610,12
615,246
621,93
631,93
638,182
696,78
711,132
727,97
751,246
771,97
773,97
840,108
862,166
883,77
886,48
918,97
969,256
972,35
1,114
2,245
121,42
131,242
155,42
189,102
206,166
251,202
278,144
297,132
299,22
364,182
391,73
424,188
557,235
602,7
671,268
672,216
681,34
689,93
792,34
806,242
815,216
844,93
910,77
939,205
952,122
979,282
987,21
990,93
991,245
997,114
22,107
84,242
102,97
117,278
124,143
157,202
169,242
183,216
185,62
209,73
228,176
258,144
280,68
288,216
289,227
343,282
351,68
362,151
368,42
402,247
424,246
434,172
438,77
467,154
506,154
524,118
536,182
544,182
632,166
655,96
660,55
686,68
723,183
737,106
796,144
813,278
814,61
825,106
868,182
900,42
947,107
19,59
21,132
58,182
119,35
153,132
178,108
185,91
196,97
259,246
268,246
290,246
328,216
344,253
354,97
382,166
430,1
433,214
448,143
463,184
471,242
477,176
520,93
560,135
564,21
583,182
596,182
620,12
621,182
647,180
659,132
698,242
750,245
763,132
898,242
906,107
938,246
963,73
973,216
20,290
49,93
65,262
130,176
161,203
220,187
240,77
241,68
246,182
249,71
289,157
289,230
397,202
427,163
450,83
453,106
497,68
526,106
530,107
569,22
590,157
624,166
650,275
656,68
685,102
743,97
794,242
826,154
828,202
863,248
898,34
903,230
918,144
940,246
976,187
989,109
26,109
40,166
88,68
118,251
129,42
139,59
142,132
146,256
147,73
150,22
193,68
214,59
224,222
267,107
276,34
284,97
296,97
335,68
392,218
413,144
472,182
506,93
561,134
595,182
606,175
626,290
637,216
703,175
708,8
731,277
814,248
885,42
887,12
920,202
925,172
954,150
981,216
998,16
23,154
30,98
36,118
81,218
85,182
145,143
217,54
220,158
226,118
257,34
265,202
294,134
313,83
326,151
357,107
374,59
399,73
422,246
425,12
434,137
436,132
455,157
456,157
457,176
499,48
565,285
571,67
585,83
608,132
611,215
628,97
648,222
658,271
682,182
717,182
729,106
737,222
740,203
838,166
873,278
881,34
898,120
912,93
928,12
935,157
982,144
991,107
5,54
40,246
74,53
93,106
145,59
159,118
172,68
186,107
193,97
200,86
205,119
269,12
292,235
336,143
356,63
368,246
451,246
479,3
493,83
508,16
534,21
557,245
611,144
639,290
644,175
661,21
688,235
705,106
728,38
734,183
767,132
768,106
790,12
814,182
880,68
908,114
916,118
919,42
937,68
955,73
959,125
973,150
978,28
51,242
82,144
142,97
180,122
180,235
199,182
202,91
230,48
254,130
266,157
289,28
310,182
338,135
355,121
364,16
372,187
417,182
426,96
448,166
460,68
469,183
524,182
543,16
552,144
663,216
675,187
739,59
746,242
767,180
781,144
805,97
819,242
924,166
960,68
968,248
39,218
41,222
87,60
95,107
127,135
130,93
153,97
167,21
172,283
187,182
213,150
219,37
237,182
253,97
332,93
405,135
453,222
465,18
479,35
484,22
519,12
526,205
612,60
680,97
715,16
775,290
825,181
827,246
829,182
858,204
867,182
869,19
900,23
915,42
29,146
72,290
125,93
135,277
154,187
171,89
175,59
214,143
239,123
298,107
302,182
366,203
389,77
446,246
465,154
475,235
477,182
559,132
574,42
624,109
638,48
640,267
643,184
651,187
689,188
747,97
748,68
793,182
808,235
856,21
865,188
868,143
889,48
891,97
921,290
936,42
952,246
976,107
982,97
3,83
38,106
44,12
100,256
106,187
118,34
145,203
190,152
191,291
294,144
301,42
338,42
341,62
413,202
439,42
488,242
492,42
497,134
525,16
532,176
549,143
606,181
615,118
619,246
679,107
718,68
729,166
772,21
773,123
824,166
839,290
843,132
904,166
936,107
972,68
996,107
148,290
209,135
236,144
251,275
259,242
265,290
268,34
281,242
304,182
334,248
419,106
428,23
437,12
445,216
457,174
580,77
638,158
649,68
658,245
660,97
672,67
706,244
734,83
763,143
785,55
800,22
805,282
821,216
840,78
894,251
908,247
931,102
935,144
942,12
943,182
975,34
986,106
30,50
34,68
68,97
71,21
77,48
97,182
122,12
130,97
148,182
200,23
211,77
233,107
241,132
260,18
266,132
278,246
313,290
317,7
360,21
370,59
404,187
425,118
427,106
454,42
507,214
508,93
517,187
542,204
547,77
552,42
613,182
639,182
662,1
663,34
671,132
721,42
761,182
763,48
832,183
857,107
859,214
861,166
943,157
947,196
950,144
981,182
1,34
9,67
17,157
104,68
107,226
149,18
149,267
162,59
208,118
218,97
222,166
247,175
263,242
279,97
286,256
298,187
307,246
330,42
353,59
415,118
464,275
522,134
562,97
582,172
630,68
661,144
691,246
694,144
704,154
724,132
787,246
819,227
822,35
865,187
911,132
927,182
951,83
968,23
986,48
990,202
639,34
108,256
504,182
909,212
705,248
822,182
723,246
588,182
889,143
486,182
144,172
759,76
861,245
640,182
717,246
937,245
115,114
843,83
236,182
765,245
944,182
610,118
509,246
250,182
75,150
349,187
